{
	"parent": "block/block",
	"ambientocclusion": false,
	"textures": {
		"0": "custom/outline",
		"1": "custom/outline2",
		"particle": "custom/outline"
	},
	"elements": [
		{
			"from": [0, 0, 0],
			"to": [16, 16, 16],
			"shade": false,
			"rotation": {"angle": 0, "axis": "y", "origin": [8, 16, 8]},
			"faces": {
				"north": {"uv": [0, 8, 16, 16], "texture": "#0", "cullface": "north"},
				"east": {"uv": [0, 8, 16, 16], "texture": "#0", "cullface": "east"},
				"south": {"uv": [0, 8, 16, 16], "texture": "#0", "cullface": "south"},
				"west": {"uv": [0, 8, 16, 16], "texture": "#0", "cullface": "west"},
				"up": {"uv": [0, 0, 16, 16], "texture": "#0", "cullface": "up"},
				"down": {"uv": [0, 0, 16, 16], "texture": "#0", "cullface": "down"}
			}
		},
		{
			"from": [16.364, 16.364, 16.364],
			"to": [-0.364, 7.996, -0.364],
			"shade": false,
			"rotation": {"angle": 0, "axis": "y", "origin": [8, 16.16, 8]},
			"faces": {
				"north": {"uv": [11, 11, 12, 12], "rotation": 180, "texture": "#1", "cullface": "south"},
				"east": {"uv": [15, 12, 16, 13], "rotation": 180, "texture": "#1", "cullface": "west"},
				"south": {"uv": [15, 12, 16, 13], "rotation": 180, "texture": "#1", "cullface": "north"},
				"west": {"uv": [15, 12, 16, 13], "rotation": 180, "texture": "#1", "cullface": "east"},
				"down": {"uv": [15, 12, 16, 13], "rotation": 180, "texture": "#1", "cullface": "up"}
			}
		}
	]
}