{"parent":"block/block","ambientocclusion":false,"textures":{"0":"custom/outline","1":"custom/outline4","particle":"custom/outline"},"elements":[{"from":[0,8,0],"to":[16,16,16],"shade":false,"faces":{"north":{"uv":[6.875,10.812,8.25,8.75],"texture":"#1","cullface":"north"},"east":{"uv":[6.875,10.812,8.25,8.75],"texture":"#1","cullface":"east"},"south":{"uv":[6.875,10.812,8.25,8.75],"texture":"#1","cullface":"south"},"west":{"uv":[6.875,10.812,8.25,8.75],"texture":"#1","cullface":"west"},"up":{"uv":[6.875,10.812,8.25,8.75],"texture":"#1","cullface":"up"},"down":{"uv":[6.875,10.812,8.25,8.75],"texture":"#1"}}},{"from":[16.364,16.204,16.364],"to":[-0.364,7.636,-0.364],"shade":false,"rotation":{"angle":0,"axis":"y","origin":[8,7.84,8]},"faces":{"north":{"uv":[9.875,12,10.875,11],"rotation":180,"texture":"#0","cullface":"south"},"east":{"uv":[9.875,12,10.875,11],"rotation":180,"texture":"#0","cullface":"west"},"south":{"uv":[9.875,12,10.875,11],"rotation":180,"texture":"#0","cullface":"north"},"west":{"uv":[9.875,12,10.875,11],"rotation":180,"texture":"#0","cullface":"east"},"up":{"uv":[9.875,12,10.875,11],"rotation":180,"texture":"#0"},"down":{"uv":[9.875,12,10.875,11],"rotation":180,"texture":"#0","cullface":"up"}}}]}