{
	"parent": "block/block",
	"ambientocclusion": false,
	"textures": {
		"0": "custom/outline",
		"1": "custom/outline4",
		"particle": "custom/outline"
	},
	"elements": [
		{
			"from": [0, 0, 0],
			"to": [16, 8, 16],
			"shade": false,
			"rotation": {"angle": 0, "axis": "y", "origin": [8, 0, 8]},
			"faces": {
				"north": {"uv": [0.032, 15.968, 15.968, 8.032], "texture": "#1", "cullface": "north"},
				"east": {"uv": [0.032, 15.968, 15.968, 8.032], "texture": "#1", "cullface": "east"},
				"south": {"uv": [0.032, 15.968, 15.968, 8.032], "texture": "#1", "cullface": "south"},
				"west": {"uv": [0.032, 15.968, 15.968, 8.032], "texture": "#1", "cullface": "west"},
				"up": {"uv": [0.032, 15.968, 15.968, 8.032], "texture": "#1"},
				"down": {"uv": [0.032, 15.968, 15.968, 8.032], "texture": "#1", "cullface": "down"}
			}
		},
		{
			"from": [8, 8, 0],
			"to": [16, 16, 16],
			"shade": false,
			"faces": {
				"north": {"uv": [0.032, 15.968, 15.968, 8.032], "texture": "#1", "cullface": "north"},
				"east": {"uv": [0.032, 15.968, 15.968, 8.032], "texture": "#1", "cullface": "east"},
				"south": {"uv": [0.032, 15.968, 15.968, 8.032], "texture": "#1", "cullface": "south"},
				"west": {"uv": [0.032, 15.968, 15.968, 8.032], "texture": "#1"},
				"up": {"uv": [0.032, 15.968, 15.968, 8.032], "texture": "#1", "cullface": "up"}
			}
		},
		{
			"from": [8.064, 8.204, 16.364],
			"to": [-0.364, -0.364, -0.364],
			"shade": false,
			"rotation": {"angle": 0, "axis": "y", "origin": [8, -0.16, 8]},
			"faces": {
				"north": {"uv": [15.032, 12.968, 15.968, 12.032], "rotation": 180, "texture": "#0", "cullface": "south"},
				"east": {"uv": [9.5, 10.998, 10.435, 10.062], "rotation": 180, "texture": "#0", "cullface": "west"},
				"south": {"uv": [15.032, 12.968, 15.968, 12.032], "rotation": 180, "texture": "#0", "cullface": "north"},
				"up": {"uv": [15.032, 12.968, 15.968, 12.032], "rotation": 180, "texture": "#0", "cullface": "down"},
				"down": {"uv": [0.032, 0.749, 1.968, 0.187], "texture": "#0"}
			}
		},
		{
			"from": [16.364, 8.204, 16.364],
			"to": [8.036, -0.364, -0.364],
			"shade": false,
			"rotation": {"angle": 0, "axis": "y", "origin": [8, -0.16, 8]},
			"faces": {
				"north": {"uv": [15.968, 12.968, 15.032, 12.032], "rotation": 180, "texture": "#0", "cullface": "south"},
				"south": {"uv": [15.968, 12.968, 15.032, 12.032], "rotation": 180, "texture": "#0", "cullface": "north"},
				"west": {"uv": [15.968, 12.968, 15.032, 12.032], "rotation": 180, "texture": "#0", "cullface": "east"},
				"up": {"uv": [15.968, 12.968, 15.032, 12.032], "rotation": 180, "texture": "#0", "cullface": "down"}
			}
		},
		{
			"from": [16.364, 16.204, 16.364],
			"to": [7.636, 8.036, -0.364],
			"shade": false,
			"rotation": {"angle": 0, "axis": "y", "origin": [8, 7.84, 8]},
			"faces": {
				"north": {"uv": [15.032, 12.968, 15.968, 12.032], "rotation": 180, "texture": "#0", "cullface": "south"},
				"east": {"uv": [10.125, 10.435, 11.06, 9.5], "rotation": 180, "texture": "#0"},
				"south": {"uv": [15.032, 12.968, 15.968, 12.032], "rotation": 180, "texture": "#0", "cullface": "north"},
				"west": {"uv": [15.032, 12.968, 15.968, 12.032], "rotation": 180, "texture": "#0", "cullface": "east"},
				"down": {"uv": [15.032, 12.968, 15.968, 12.032], "rotation": 180, "texture": "#0", "cullface": "up"}
			}
		}
	]
}