{"parent":"block/block","ambientocclusion":false,"textures":{"2":"custom/outline3","6":"custom/outline","particle":"custom/outline"},"elements":[{"from":[0,0,0],"to":[16,16,16],"shade":false,"faces":{"north":{"uv":[4,1,4.999,1.999],"texture":"#2","cullface":"north"},"east":{"uv":[4,1,4.999,1.999],"texture":"#2","cullface":"east"},"south":{"uv":[4,1,4.999,1.999],"texture":"#2","cullface":"south"},"west":{"uv":[4,1,4.999,1.999],"texture":"#2","cullface":"west"},"up":{"uv":[4,1,4.999,1.999],"texture":"#2","cullface":"up"},"down":{"uv":[4,1,4.999,1.999],"texture":"#2","cullface":"down"}}},{"from":[16.364,16.524,16.364],"to":[-0.364,-0.204,-0.364],"shade":false,"faces":{"north":{"uv":[1,1,2,2],"rotation":180,"texture":"#6","cullface":"south"},"east":{"uv":[1,1,2,2],"rotation":180,"texture":"#6","cullface":"west"},"south":{"uv":[1,1,2,2],"rotation":180,"texture":"#6","cullface":"north"},"west":{"uv":[1,1,2,2],"rotation":180,"texture":"#6","cullface":"east"},"up":{"uv":[1,1,2,2],"rotation":180,"texture":"#6","cullface":"down"},"down":{"uv":[1,1,2,2],"rotation":180,"texture":"#6","cullface":"up"}}}]}