{"parent":"block/block","ambientocclusion":false,"textures":{"1":"custom/outline3","particle":"custom/outline"},"elements":[{"from":[0,0,0],"to":[16,16,16],"shade":false,"rotation":{"angle":0,"axis":"y","origin":[8,0,8]},"faces":{"north":{"uv":[2,12.125,9.187,7.313],"texture":"#1","cullface":"north"},"east":{"uv":[2,12.125,9.187,7.313],"texture":"#1","cullface":"east"},"south":{"uv":[2,12.125,9.187,7.313],"texture":"#1","cullface":"south"},"west":{"uv":[2,12.125,9.187,7.313],"texture":"#1","cullface":"west"},"up":{"uv":[2,12.125,9.187,7.313],"texture":"#1","cullface":"up"},"down":{"uv":[2,12.125,9.187,7.313],"texture":"#1","cullface":"down"}}}]}