{
	"parent": "block/block",
	"ambientocclusion": false,
	"textures": {
		"1": "custom/outline2",
		"6": "custom/outline",
		"particle": "custom/outline"
	},
	"elements": [
		{
			"from": [0, 0, 0],
			"to": [16, 16, 16],
			"shade": false,
			"faces": {
				"north": {"uv": [4, 1, 4.999, 1.999], "texture": "#6", "cullface": "north"},
				"east": {"uv": [4, 1, 4.999, 1.999], "texture": "#6", "cullface": "east"},
				"south": {"uv": [4, 1, 4.999, 1.999], "texture": "#6", "cullface": "south"},
				"west": {"uv": [4, 1, 4.999, 1.999], "texture": "#6", "cullface": "west"},
				"up": {"uv": [4, 1, 4.999, 1.999], "texture": "#6", "cullface": "up"},
				"down": {"uv": [4, 1, 4.999, 1.999], "texture": "#6", "cullface": "down"}
			}
		},
		{
			"from": [17.2004, 17.3764, 17.2004],
			"to": [-1.2004, -1.0244, -1.2004],
			"shade": false,
			"faces": {
				"north": {"uv": [1, 1, 2, 2], "rotation": 180, "texture": "#1", "cullface": "south"},
				"east": {"uv": [1, 1, 2, 2], "rotation": 180, "texture": "#1", "cullface": "west"},
				"south": {"uv": [1, 1, 2, 2], "rotation": 180, "texture": "#1", "cullface": "north"},
				"west": {"uv": [1, 1, 2, 2], "rotation": 180, "texture": "#1", "cullface": "east"},
				"up": {"uv": [1, 1, 2, 2], "rotation": 180, "texture": "#1", "cullface": "down"},
				"down": {"uv": [1, 1, 2, 2], "rotation": 180, "texture": "#1", "cullface": "up"}
			}
		}
	]
}