{
	"parent": "block/block",
	"ambientocclusion": false,
	"textures": {
		"1": "custom/outline",
		"particle": "custom/outline"
	},
	"elements": [
		{
			"from": [0, 0, 0],
			"to": [16, 8, 16],
			"shade": false,
			"rotation": {"angle": 0, "axis": "y", "origin": [8, 0, 8]},
			"faces": {
				"north": {"uv": [0.032, 15.968, 15.968, 8.032], "texture": "#1", "cullface": "north"},
				"east": {"uv": [0.032, 15.968, 15.968, 8.032], "texture": "#1", "cullface": "east"},
				"south": {"uv": [0.032, 15.968, 15.968, 8.032], "texture": "#1", "cullface": "south"},
				"west": {"uv": [0.032, 15.968, 15.968, 8.032], "texture": "#1", "cullface": "west"},
				"up": {"uv": [0.032, 15.968, 15.968, 8.032], "texture": "#1"},
				"down": {"uv": [0.032, 15.968, 15.968, 8.032], "texture": "#1", "cullface": "down"}
			}
		},
		{
			"from": [8, 8, 0],
			"to": [16, 16, 16],
			"shade": false,
			"faces": {
				"north": {"uv": [0.032, 15.968, 15.968, 8.032], "texture": "#1", "cullface": "north"},
				"east": {"uv": [0.032, 15.968, 15.968, 8.032], "texture": "#1", "cullface": "east"},
				"south": {"uv": [0.032, 15.968, 15.968, 8.032], "texture": "#1", "cullface": "south"},
				"west": {"uv": [0.032, 15.968, 15.968, 8.032], "texture": "#1"},
				"up": {"uv": [0.032, 15.968, 15.968, 8.032], "texture": "#1", "cullface": "up"}
			}
		}
	]
}