{
    "sources": [
        {
            "type": "single",
            "resource": "minecraft:custom/outline"
        },
        {
            "type": "single",
            "resource": "minecraft:custom/outline2"
        },
        {
            "type": "single",
            "resource": "minecraft:custom/info1"
        },
        {
            "type": "single",
            "resource": "minecraft:custom/mode2"
        },
        {
            "type": "single",
            "resource": "minecraft:custom/logotext"
        },
        {
            "type": "single",
            "resource": "minecraft:custom/outline4"
        },
        {
            "type": "single",
            "resource": "minecraft:custom/outline3"
        },
        {
            "type": "single",
            "resource": "minecraft:custom/arena2"
        },
        {
            "type": "single",
            "resource": "minecraft:custom/logotext6"
        },
        {
            "type": "single",
            "resource": "minecraft:custom/info1c"
        },
        {
            "type": "single",
            "resource": "minecraft:custom/logotext4"
        },
        {
            "type": "single",
            "resource": "minecraft:custom/arena1"
        },
        {
            "type": "single",
            "resource": "minecraft:custom/info1b"
        },
        {
            "type": "single",
            "resource": "minecraft:custom/arena3"
        },
        {
            "type": "single",
            "resource": "minecraft:custom/logotext5"
        },
        {
            "type": "single",
            "resource": "minecraft:custom/info3b"
        },
        {
            "type": "single",
            "resource": "minecraft:custom/logotext2"
        },
        {
            "type": "single",
            "resource": "minecraft:custom/mode3"
        },
        {
            "type": "single",
            "resource": "minecraft:custom/plate2"
        },
        {
            "type": "single",
            "resource": "minecraft:custom/plate"
        },
        {
            "type": "single",
            "resource": "minecraft:custom/mode1"
        },
        {
            "type": "single",
            "resource": "minecraft:custom/logotext3"
        },
        {
            "type": "single",
            "resource": "minecraft:custom/info2b"
        },
        {
            "type": "single",
            "resource": "minecraft:custom/core1"
        },
        {
            "type": "single",
            "resource": "minecraft:custom/core2"
        },
        {
            "type": "single",
            "resource": "minecraft:custom/s1"
        },
        {
            "type": "single",
            "resource": "minecraft:custom/s2"
        },
        {
            "type": "single",
            "resource": "minecraft:custom/s3"
        },
        {
            "type": "single",
            "resource": "minecraft:custom/forcefield_orange"
        },
        {
            "type": "single",
            "resource": "minecraft:custom/forcefield_blue"
        },
        {
            "type": "single",
            "resource": "minecraft:custom/forcefield_gray"
        },
        {
            "type": "single",
            "resource": "minecraft:custom/forcefield_white"
        }
    ]
}